{
  "rrt": {
    "train": [
      {
        "rec_loss": 0.0318599408278075,
        "vq_loss": 0.0032706795293768413,
        "loss": 0.035130620312393473,
        "perplexity": 503.1593203727547,
        "cluster_use": 640.2352941176471
      },
      {
        "rec_loss": 0.023773518298059473,
        "vq_loss": 0.0006222269687470516,
        "loss": 0.024395745271421455,
        "perplexity": 296.5126448482504,
        "cluster_use": 408.99744245524295
      }
    ],
    "test": {
      "rec_loss": 0.020917014230655718,
      "psnr": 16.795003081266596,
      "ssim": 0.6930345296859741,
      "fid": 261.8589698585898
    }
  },
  "straight_through": {
    "train": [
      {
        "rec_loss": 0.028971318517575787,
        "vq_loss": 0.004457392659050364,
        "loss": 0.03342871124501271,
        "perplexity": 589.9507896247727,
        "cluster_use": 731.304347826087
      },
      {
        "rec_loss": 0.015079454342594079,
        "vq_loss": 0.001831038138064582,
        "loss": 0.01691049249018626,
        "perplexity": 664.7341410058843,
        "cluster_use": 797.468030690537
      }
    ],
    "test": {
      "rec_loss": 0.013705745304026936,
      "psnr": 18.630973430047927,
      "ssim": 0.7870718836784363,
      "fid": 198.26971113401675
    }
  }
}