{
  "train": [
    {
      "rec_loss": 0.029694594766782677,
      "vq_loss": 0.003203046063257916,
      "loss": 0.03289764078186296,
      "perplexity": 576.7037812254923,
      "cluster_use": 718.7084398976982
    },
    {
      "rec_loss": 0.020146159774354657,
      "vq_loss": 0.0004333086957386278,
      "loss": 0.020579468492237504,
      "perplexity": 512.0051149334139,
      "cluster_use": 653.7570332480818
    },
    {
      "rec_loss": 0.025990094417882394,
      "vq_loss": 0.00025400765024853844,
      "loss": 0.026244102031602275,
      "perplexity": 435.26622629775414,
      "cluster_use": 584.9258312020461
    }
  ],
  "test": {
    "rec_loss": 0.025357568612958813,
    "psnr": 15.958923907192307,
    "ssim": 0.6113492250442505,
    "fid": 307.49529886239645
  }
}