{
  "loss": [
    0.016259680947531826,
    0.01456252858042717,
    0.014556196453931082
  ],
  "perplexity": [
    NaN,
    NaN,
    NaN
  ],
  "usage_top": [
    {
      "indices": [
        226,
        751,
        512,
        267,
        754,
        533,
        929,
        21,
        98,
        648
      ],
      "values": [
        0.043548583984375,
        0.037933349609375,
        0.036956787109375,
        0.035552978515625,
        0.03399658203125,
        0.031982421875,
        0.029571533203125,
        0.02923583984375,
        0.0232391357421875,
        0.022003173828125
      ]
    },
    {
      "indices": [
        751,
        226,
        754,
        512,
        527,
        533,
        344,
        1011,
        267,
        21
      ],
      "values": [
        0.05096435546875,
        0.04852294921875,
        0.04205322265625,
        0.038055419921875,
        0.03680419921875,
        0.033294677734375,
        0.033111572265625,
        0.028289794921875,
        0.0245819091796875,
        0.024322509765625
      ]
    },
    {
      "indices": [
        751,
        344,
        247,
        447,
        533,
        605,
        527,
        157,
        226,
        754
      ],
      "values": [
        0.040435791015625,
        0.039093017578125,
        0.03497314453125,
        0.034637451171875,
        0.0340576171875,
        0.030792236328125,
        0.02880859375,
        0.02874755859375,
        0.028350830078125,
        0.0277862548828125
      ]
    }
  ]
}